{"cameraMode":{"drawMode":0,"name":"Shaded","section":"Shading Mode"},"sceneLighting":true,"audioPlay":false,"sceneViewState":{"m_AlwaysRefresh":false,"showFog":true,"showSkybox":true,"showFlares":true,"showImageEffects":true,"showParticleSystems":true,"showVisualEffectGraphs":true,"m_FxEnabled":false},"in2DMode":false,"pivot":{"x":0.7912348508834839,"y":13.922109603881836,"z":-19.869108200073243},"rotation":{"x":0.2701914310455322,"y":-0.010712492279708386,"z":0.002974393544718623,"w":0.9627838134765625},"size":6.17333459854126,"orthographic":true}