{"cameraMode":{"drawMode":0,"name":"Shaded","section":"Shading Mode"},"sceneLighting":true,"audioPlay":false,"sceneViewState":{"m_AlwaysRefresh":false,"showFog":true,"showSkybox":true,"showFlares":true,"showImageEffects":true,"showParticleSystems":true,"showVisualEffectGraphs":true,"m_FxEnabled":false},"in2DMode":false,"pivot":{"x":-0.4539085030555725,"y":-2.4018750190734865,"z":-3.7091596126556398},"rotation":{"x":0.29494377970695498,"y":-0.0020074769854545595,"z":0.0006186286336742342,"w":0.9555087089538574},"size":1.0404595136642457,"orthographic":false}