{"cameraMode":{"drawMode":0,"name":"Shaded","section":"Shading Mode"},"sceneLighting":true,"audioPlay":false,"sceneViewState":{"m_AlwaysRefresh":false,"showFog":true,"showSkybox":true,"showFlares":true,"showImageEffects":true,"showParticleSystems":true,"showVisualEffectGraphs":true,"m_FxEnabled":false},"in2DMode":false,"pivot":{"x":-0.4975361227989197,"y":-2.4011244773864748,"z":-3.6832497119903566},"rotation":{"x":0.3263052701950073,"y":0.005671466700732708,"z":-0.001957976259291172,"w":0.9452453851699829},"size":0.012759987264871598,"orthographic":false}