{"cameraMode":{"drawMode":0,"name":"Shaded","section":"Shading Mode"},"sceneLighting":true,"audioPlay":false,"sceneViewState":{"m_AlwaysRefresh":false,"showFog":true,"showSkybox":true,"showFlares":true,"showImageEffects":true,"showParticleSystems":true,"showVisualEffectGraphs":true,"m_FxEnabled":false},"in2DMode":false,"pivot":{"x":-1.714245080947876,"y":-1.1447052955627442,"z":-10.389087677001954},"rotation":{"x":0.009839984588325024,"y":-0.9889959096908569,"z":0.12587933242321015,"w":0.07730728387832642},"size":8.210433006286621,"orthographic":false}