{"cameraMode":{"drawMode":0,"name":"Shaded","section":"Shading Mode"},"sceneLighting":true,"audioPlay":false,"sceneViewState":{"m_AlwaysRefresh":false,"showFog":true,"showSkybox":true,"showFlares":true,"showImageEffects":true,"showParticleSystems":true,"showVisualEffectGraphs":true,"m_FxEnabled":false},"in2DMode":false,"pivot":{"x":0.9485153555870056,"y":0.4322246313095093,"z":-2.0278427600860597},"rotation":{"x":0.20583878457546235,"y":0.05074237659573555,"z":-0.01071670651435852,"w":0.9772520661354065},"size":2.849895477294922,"orthographic":true}