{"cameraMode":{"drawMode":0,"name":"Shaded","section":"Shading Mode"},"sceneLighting":true,"audioPlay":false,"sceneViewState":{"m_AlwaysRefresh":false,"showFog":true,"showSkybox":true,"showFlares":true,"showImageEffects":true,"showParticleSystems":true,"showVisualEffectGraphs":true,"m_FxEnabled":false},"in2DMode":false,"pivot":{"x":2.7097201347351076,"y":-0.11475090682506561,"z":-1.7469837665557862},"rotation":{"x":0.13991402089595796,"y":0.7100136876106262,"z":-0.14732778072357179,"w":0.6742727756500244},"size":2.5761642456054689,"orthographic":false}