{"cameraMode":{"drawMode":0,"name":"Shaded","section":"Shading Mode"},"sceneLighting":true,"audioPlay":false,"sceneViewState":{"m_AlwaysRefresh":false,"showFog":true,"showSkybox":true,"showFlares":true,"showImageEffects":true,"showParticleSystems":true,"showVisualEffectGraphs":true,"m_FxEnabled":false},"in2DMode":false,"pivot":{"x":3.841301679611206,"y":0.9699388742446899,"z":0.13063186407089234},"rotation":{"x":0.23381932079792024,"y":-0.02798745222389698,"z":0.006733010057359934,"w":0.9718785881996155},"size":4.352287769317627,"orthographic":false}