{"cameraMode":{"drawMode":0,"name":"Shaded","section":"Shading Mode"},"sceneLighting":true,"audioPlay":false,"sceneViewState":{"m_AlwaysRefresh":false,"showFog":true,"showSkybox":true,"showFlares":true,"showImageEffects":true,"showParticleSystems":true,"showVisualEffectGraphs":true,"m_FxEnabled":false},"in2DMode":false,"pivot":{"x":-0.4997637867927551,"y":-3.496185779571533,"z":-4.654107093811035},"rotation":{"x":0.20346735417842866,"y":0.0029372454155236484,"z":-0.0006096212891861796,"w":0.9790814518928528},"size":2.188223361968994,"orthographic":false}