{"cameraMode":{"drawMode":0,"name":"Shaded","section":"Shading Mode"},"sceneLighting":true,"audioPlay":false,"sceneViewState":{"m_AlwaysRefresh":false,"showFog":true,"showSkybox":true,"showFlares":true,"showImageEffects":true,"showParticleSystems":true,"showVisualEffectGraphs":true,"m_FxEnabled":false},"in2DMode":false,"pivot":{"x":-0.4246125817298889,"y":-0.16390278935432435,"z":0.43198058009147646},"rotation":{"x":0.0018125291680917144,"y":-0.9649416208267212,"z":0.2623862326145172,"w":0.006665877066552639},"size":2.8020832538604738,"orthographic":false}