{"cameraMode":{"drawMode":0,"name":"Shaded","section":"Shading Mode"},"sceneLighting":true,"audioPlay":false,"sceneViewState":{"m_AlwaysRefresh":false,"showFog":true,"showSkybox":true,"showFlares":true,"showImageEffects":true,"showParticleSystems":true,"showVisualEffectGraphs":true,"m_FxEnabled":false},"in2DMode":false,"pivot":{"x":-0.2467362880706787,"y":0.7997851371765137,"z":-1.2272484302520753},"rotation":{"x":-0.004217539913952351,"y":-0.9890201091766357,"z":0.1449262946844101,"w":-0.028781475499272348},"size":1.9125988483428956,"orthographic":false}