{"cameraMode":{"drawMode":0,"name":"Shaded","section":"Shading Mode"},"sceneLighting":true,"audioPlay":false,"sceneViewState":{"m_AlwaysRefresh":false,"showFog":true,"showSkybox":true,"showFlares":true,"showImageEffects":true,"showParticleSystems":true,"showVisualEffectGraphs":true,"m_FxEnabled":false},"in2DMode":false,"pivot":{"x":-0.19594639539718629,"y":4.517618179321289,"z":-2.9116530418395998},"rotation":{"x":0.3862951099872589,"y":0.0021954055409878494,"z":-0.0009281897800974548,"w":0.9224137663841248},"size":5.822628974914551,"orthographic":true}