{"cameraMode":{"drawMode":0,"name":"Shaded","section":"Shading Mode"},"sceneLighting":true,"audioPlay":false,"sceneViewState":{"m_AlwaysRefresh":false,"showFog":true,"showSkybox":true,"showFlares":true,"showImageEffects":true,"showParticleSystems":true,"showVisualEffectGraphs":true,"m_FxEnabled":false},"in2DMode":false,"pivot":{"x":1.3225059509277344,"y":1.1216620206832886,"z":-0.10559134185314179},"rotation":{"x":0.2568887174129486,"y":0.004046057350933552,"z":-0.0010688691399991513,"w":0.9664556980133057},"size":5.861461162567139,"orthographic":true}