{"cameraMode":{"drawMode":0,"name":"Shaded","section":"Shading Mode"},"sceneLighting":true,"audioPlay":false,"sceneViewState":{"m_AlwaysRefresh":false,"showFog":true,"showSkybox":true,"showFlares":true,"showImageEffects":true,"showParticleSystems":true,"showVisualEffectGraphs":true,"m_FxEnabled":false},"in2DMode":false,"pivot":{"x":0.6807030439376831,"y":0.7854993939399719,"z":-1.241033673286438},"rotation":{"x":0.2828187346458435,"y":0.23544801771640778,"z":-0.07182780653238297,"w":0.9270738959312439},"size":1.6626476049423218,"orthographic":false}